时间,摄像头编号,追踪ID,类别名称,置信度,坐标X,坐标Y,框宽W,框高H,帧率,目标总数
2026-08-14 15:21:08,0,1,person,0.949,0,29,640,451,0.1,1
2026-08-14 15:21:08,0,1,person,0.950,0,30,640,450,6.2,1
2026-08-14 15:21:08,0,1,person,0.943,0,29,639,451,8.8,1
2026-08-14 15:21:08,0,1,person,0.940,0,30,639,450,10.0,1
2026-08-14 15:21:08,0,1,person,0.927,0,30,633,450,10.8,1
2026-08-14 15:21:08,0,1,person,0.932,0,30,638,450,11.3,1
2026-08-14 15:21:09,0,1,person,0.951,0,30,640,450,11.6,1
2026-08-14 15:21:09,0,1,person,0.934,0,30,638,450,12.0,1
2026-08-14 15:21:09,0,1,person,0.929,3,30,631,450,12.3,1
2026-08-14 15:21:09,0,1,person,0.922,1,29,633,451,12.5,1
2026-08-14 15:21:09,0,1,person,0.950,0,27,640,453,12.7,1
2026-08-14 15:21:09,0,1,person,0.931,0,23,640,457,12.7,1
2026-08-14 15:21:09,0,1,person,0.898,2,22,633,458,12.8,1
2026-08-14 15:21:09,0,1,person,0.868,0,16,635,464,12.9,1
2026-08-14 15:21:09,0,1,person,0.856,0,15,640,465,13.0,1
2026-08-14 15:21:09,0,1,person,0.931,6,14,634,466,13.0,1
2026-08-14 15:21:09,0,1,person,0.821,41,17,582,463,13.1,1
2026-08-14 15:21:09,0,1,person,0.840,64,22,557,458,13.1,1
2026-08-14 15:21:09,0,1,person,0.836,61,26,551,454,13.2,1
2026-08-14 15:21:09,0,1,person,0.853,59,27,566,453,13.2,1
2026-08-14 15:21:09,0,1,person,0.878,67,29,569,450,13.3,1
2026-08-14 15:21:10,0,1,person,0.910,69,28,570,452,13.3,1
2026-08-14 15:21:10,0,1,person,0.896,80,29,560,450,13.4,1
2026-08-14 15:21:10,0,1,person,0.774,81,31,528,449,13.4,1
2026-08-14 15:21:10,0,1,person,0.933,55,32,585,447,13.4,1
2026-08-14 15:21:10,0,1,person,0.922,91,32,549,447,13.4,1
2026-08-14 15:21:10,0,1,person,0.900,101,32,539,448,13.4,1
2026-08-14 15:21:10,0,1,person,0.903,58,30,582,449,13.4,1
2026-08-14 15:21:10,0,1,person,0.903,58,30,582,449,13.4,0
2026-08-14 15:21:10,0,1,person,0.928,0,29,640,451,13.4,1
2026-08-14 15:21:10,0,1,person,0.936,9,31,631,449,13.9,1
2026-08-14 15:21:10,0,1,person,0.915,29,35,611,445,13.9,1
2026-08-14 15:21:10,0,1,person,0.907,46,39,591,441,13.9,1
2026-08-14 15:21:10,0,1,person,0.860,61,38,567,442,13.9,1
2026-08-14 15:21:11,0,1,person,0.895,62,39,571,441,14.0,1
2026-08-14 15:21:11,0,1,person,0.839,52,38,567,442,14.0,1
2026-08-14 15:21:11,0,1,person,0.843,55,36,559,444,14.0,1
2026-08-14 15:21:11,0,1,person,0.840,66,35,570,445,14.0,1
2026-08-14 15:21:11,0,1,person,0.805,74,28,441,452,13.9,1
2026-08-14 15:21:11,0,1,person,0.798,4,22,609,457,14.0,1
2026-08-14 15:21:11,0,1,person,0.909,94,18,546,462,13.9,1
2026-08-14 15:21:11,0,1,person,0.939,106,17,534,463,14.0,1
2026-08-14 15:21:11,0,1,person,0.932,86,15,554,465,14.0,1
2026-08-14 15:21:11,0,1,person,0.919,61,14,579,466,14.0,1
2026-08-14 15:21:11,0,1,person,0.910,19,13,621,467,13.9,1
2026-08-14 15:21:11,0,1,person,0.927,5,11,635,469,13.9,1
2026-08-14 15:21:11,0,1,person,0.943,0,9,640,471,13.9,1
2026-08-14 15:21:11,0,1,person,0.944,0,8,640,472,13.9,1
2026-08-14 15:21:12,0,1,person,0.931,0,6,640,474,13.9,1
2026-08-14 15:21:12,0,1,person,0.949,0,8,640,472,13.9,1
2026-08-14 15:21:12,0,1,person,0.952,0,10,640,470,13.9,1
2026-08-14 15:21:12,0,1,person,0.945,0,10,640,470,13.8,1
2026-08-14 15:21:12,0,1,person,0.943,0,9,640,471,13.8,1
2026-08-14 15:21:12,0,1,person,0.940,0,8,640,472,13.8,1
2026-08-14 15:21:12,0,1,person,0.944,0,10,640,470,13.8,1
2026-08-14 15:21:12,0,1,person,0.934,0,11,640,469,13.8,1
2026-08-14 15:21:12,0,1,person,0.944,0,11,640,469,13.8,1
2026-08-14 15:21:12,0,1,person,0.938,0,11,640,469,13.8,1
2026-08-14 15:21:12,0,1,person,0.936,0,11,640,469,13.9,1
2026-08-14 15:21:12,0,1,person,0.940,0,11,640,469,13.8,1
2026-08-14 15:21:12,0,1,person,0.939,0,13,640,467,13.8,1
2026-08-14 15:21:12,0,1,person,0.946,0,12,640,468,13.8,1
2026-08-14 15:21:13,0,1,person,0.949,0,12,639,468,13.8,1
2026-08-14 15:21:13,0,1,person,0.932,0,14,640,466,13.8,1
2026-08-14 15:21:13,0,1,person,0.948,0,13,639,467,13.7,1
2026-08-14 15:21:13,0,1,person,0.951,0,14,638,466,13.7,2
2026-08-14 15:21:13,0,2,cell phone,0.841,136,89,261,193,13.7,2
2026-08-14 15:21:13,0,1,person,0.944,0,14,639,466,13.7,2
2026-08-14 15:21:13,0,2,cell phone,0.649,178,93,222,211,13.7,2
2026-08-14 15:21:13,0,1,person,0.946,0,14,639,466,13.7,2
2026-08-14 15:21:13,0,2,cell phone,0.622,153,109,252,211,13.7,2
2026-08-14 15:21:13,0,1,person,0.944,0,11,639,469,13.7,2
2026-08-14 15:21:13,0,2,cell phone,0.559,150,130,257,197,13.7,2
2026-08-14 15:21:13,0,1,person,0.937,0,10,638,470,13.6,2
2026-08-14 15:21:13,0,2,cell phone,0.605,145,133,267,193,13.6,2
2026-08-14 15:21:13,0,1,person,0.941,0,12,640,468,13.6,1
2026-08-14 15:21:13,0,2,cell phone,0.605,145,133,267,193,13.6,1
2026-08-14 15:21:13,0,1,person,0.943,0,13,639,467,13.6,1
2026-08-14 15:21:13,0,2,cell phone,0.605,145,133,267,193,13.6,1
2026-08-14 15:21:13,0,1,person,0.931,0,13,638,467,13.6,2
2026-08-14 15:21:13,0,2,cell phone,0.641,109,113,250,191,13.6,2
2026-08-14 15:21:13,0,1,person,0.921,0,15,639,465,13.6,2
2026-08-14 15:21:13,0,2,cell phone,0.506,110,113,246,191,13.6,2
2026-08-14 15:21:13,0,1,person,0.927,0,16,640,464,13.5,1
2026-08-14 15:21:13,0,2,cell phone,0.506,110,113,246,191,13.5,1
2026-08-14 15:21:14,0,1,person,0.934,0,14,638,466,13.5,1
2026-08-14 15:21:14,0,2,cell phone,0.506,110,113,246,191,13.5,1
2026-08-14 15:21:14,0,1,person,0.935,0,14,638,466,13.4,1
2026-08-14 15:21:14,0,2,cell phone,0.506,110,113,246,191,13.4,1
2026-08-14 15:21:14,0,1,person,0.935,0,15,638,465,13.5,1
2026-08-14 15:21:14,0,2,cell phone,0.506,110,113,246,191,13.5,1
2026-08-14 15:21:14,0,1,person,0.942,0,14,637,466,13.5,1
2026-08-14 15:21:14,0,2,cell phone,0.506,110,113,246,191,13.5,1
2026-08-14 15:21:14,0,1,person,0.942,0,14,637,466,13.4,1
2026-08-14 15:21:14,0,2,cell phone,0.506,110,113,246,191,13.4,1
2026-08-14 15:21:14,0,1,person,0.943,0,15,638,465,13.3,2
2026-08-14 15:21:14,0,2,cell phone,0.646,138,105,208,189,13.3,2
2026-08-14 15:21:14,0,1,person,0.942,0,15,638,465,13.2,2
2026-08-14 15:21:14,0,2,cell phone,0.537,136,104,209,189,13.2,2
2026-08-14 15:21:14,0,1,person,0.938,0,16,638,464,13.1,2
2026-08-14 15:21:14,0,2,cell phone,0.595,135,101,209,191,13.1,2
2026-08-14 15:21:14,0,1,person,0.937,0,16,639,464,13.0,2
2026-08-14 15:21:14,0,2,cell phone,0.692,132,94,209,189,13.0,2
2026-08-14 15:21:14,0,1,person,0.934,0,16,638,464,12.9,2
2026-08-14 15:21:14,0,2,cell phone,0.795,122,92,217,189,12.9,2
2026-08-14 15:21:14,0,1,person,0.932,0,16,638,464,12.9,2
2026-08-14 15:21:14,0,2,cell phone,0.679,121,87,214,192,12.9,2
2026-08-14 15:21:14,0,1,person,0.947,0,17,635,463,12.8,1
2026-08-14 15:21:14,0,2,cell phone,0.679,121,87,214,192,12.8,1
2026-08-14 15:21:15,0,1,person,0.952,0,16,638,464,12.7,1
2026-08-14 15:21:15,0,2,cell phone,0.679,121,87,214,192,12.7,1
2026-08-14 15:21:15,0,1,person,0.932,1,15,637,465,12.7,1
2026-08-14 15:21:15,0,2,cell phone,0.679,121,87,214,192,12.7,1
2026-08-14 15:21:15,0,1,person,0.954,0,17,637,463,12.6,1
2026-08-14 15:21:15,0,2,cell phone,0.679,121,87,214,192,12.6,1
2026-08-14 15:21:15,0,1,person,0.954,0,18,639,462,12.5,2
2026-08-14 15:21:15,0,2,cell phone,0.699,87,84,242,188,12.5,2
2026-08-14 15:21:15,0,1,person,0.946,0,15,638,465,12.4,2
2026-08-14 15:21:15,0,2,cell phone,0.738,127,88,204,188,12.4,2
2026-08-14 15:21:15,0,1,person,0.946,0,17,638,463,12.3,2
2026-08-14 15:21:15,0,2,cell phone,0.780,130,91,204,189,12.3,2
2026-08-14 15:21:15,0,1,person,0.937,0,16,637,464,12.3,1
2026-08-14 15:21:15,0,2,cell phone,0.780,130,91,204,189,12.3,1
2026-08-14 15:21:15,0,1,person,0.943,0,17,638,463,12.3,1
2026-08-14 15:21:15,0,2,cell phone,0.780,130,91,204,189,12.3,1
2026-08-14 15:21:15,0,1,person,0.941,0,16,639,464,12.3,2
2026-08-14 15:21:15,0,2,cell phone,0.714,129,93,205,187,12.3,2
2026-08-14 15:21:15,0,1,person,0.940,0,16,638,464,12.3,1
2026-08-14 15:21:15,0,2,cell phone,0.714,129,93,205,187,12.3,1
2026-08-14 15:21:15,0,1,person,0.944,0,16,638,464,12.3,1
2026-08-14 15:21:15,0,2,cell phone,0.714,129,93,205,187,12.3,1
2026-08-14 15:21:15,0,1,person,0.939,0,16,638,464,12.3,2
2026-08-14 15:21:15,0,2,cell phone,0.608,130,93,204,186,12.3,2
2026-08-14 15:21:16,0,1,person,0.944,0,17,638,463,12.4,2
2026-08-14 15:21:16,0,2,cell phone,0.718,131,94,204,187,12.4,2
2026-08-14 15:21:16,0,1,person,0.956,0,17,636,463,12.4,2
2026-08-14 15:21:16,0,2,cell phone,0.590,130,94,204,187,12.4,2
2026-08-14 15:21:16,0,1,person,0.935,0,16,638,464,12.3,2
2026-08-14 15:21:16,0,2,cell phone,0.532,128,94,205,187,12.3,2
2026-08-14 15:21:16,0,1,person,0.933,0,15,638,465,12.3,2
2026-08-14 15:21:16,0,2,cell phone,0.615,123,92,209,188,12.3,2
2026-08-14 15:21:16,0,1,person,0.814,3,16,636,464,12.3,1
2026-08-14 15:21:16,0,2,cell phone,0.615,123,92,209,188,12.3,1
2026-08-14 15:21:16,0,1,person,0.924,5,16,634,464,12.3,1
2026-08-14 15:21:16,0,2,cell phone,0.615,123,92,209,188,12.3,1
2026-08-14 15:21:16,0,1,person,0.926,5,18,633,462,12.4,2
2026-08-14 15:21:16,0,2,cell phone,0.527,125,90,208,192,12.4,2
2026-08-14 15:21:16,0,1,person,0.927,2,16,635,464,12.5,2
2026-08-14 15:21:16,0,2,cell phone,0.689,126,92,209,194,12.5,2
2026-08-14 15:21:16,0,1,person,0.934,2,14,636,466,12.4,1
2026-08-14 15:21:16,0,2,cell phone,0.689,126,92,209,194,12.4,1
2026-08-14 15:21:16,0,1,person,0.939,2,15,636,465,12.4,1
2026-08-14 15:21:16,0,2,cell phone,0.689,126,92,209,194,12.4,1
2026-08-14 15:21:16,0,1,person,0.937,3,16,634,464,12.5,1
2026-08-14 15:21:16,0,2,cell phone,0.689,126,92,209,194,12.5,1
2026-08-14 15:21:16,0,1,person,0.937,3,16,635,464,12.6,1
2026-08-14 15:21:16,0,2,cell phone,0.689,126,92,209,194,12.6,1
2026-08-14 15:21:16,0,1,person,0.914,4,15,635,465,12.7,1
2026-08-14 15:21:16,0,2,cell phone,0.689,126,92,209,194,12.7,1
2026-08-14 15:21:16,0,1,person,0.936,4,15,635,465,12.8,1
2026-08-14 15:21:16,0,2,cell phone,0.689,126,92,209,194,12.8,1
2026-08-14 15:21:17,0,1,person,0.941,1,15,638,465,12.8,1
2026-08-14 15:21:17,0,2,cell phone,0.689,126,92,209,194,12.8,1
2026-08-14 15:21:17,0,1,person,0.952,2,14,636,466,12.9,1
2026-08-14 15:21:17,0,2,cell phone,0.689,126,92,209,194,12.9,1
2026-08-14 15:21:17,0,1,person,0.942,0,13,640,467,12.9,1
2026-08-14 15:21:17,0,2,cell phone,0.689,126,92,209,194,12.9,1
2026-08-14 15:21:17,0,1,person,0.943,0,14,638,466,13.0,1
2026-08-14 15:21:17,0,1,person,0.943,0,13,639,467,13.1,1
2026-08-14 15:21:17,0,1,person,0.944,0,14,639,466,13.1,1
2026-08-14 15:21:17,0,1,person,0.943,0,15,639,465,13.3,1
2026-08-14 15:21:17,0,1,person,0.944,0,16,639,464,13.4,1
2026-08-14 15:21:17,0,1,person,0.944,0,14,640,466,13.5,1
2026-08-14 15:21:17,0,1,person,0.959,0,18,639,462,13.5,1
2026-08-14 15:21:17,0,1,person,0.959,0,17,639,463,13.5,1
2026-08-14 15:21:17,0,1,person,0.955,0,14,639,466,13.6,1
2026-08-14 15:21:17,0,1,person,0.957,0,16,640,464,13.6,1
2026-08-14 15:21:18,0,1,person,0.954,0,16,639,464,13.6,1
2026-08-14 15:21:18,0,1,person,0.953,0,15,639,465,13.6,1
2026-08-14 15:21:18,0,1,person,0.944,0,14,636,466,13.6,1
2026-08-14 15:21:18,0,1,person,0.950,0,14,640,466,13.5,1
2026-08-14 15:21:18,0,1,person,0.959,0,15,640,465,13.6,1
2026-08-14 15:21:18,0,1,person,0.943,0,15,640,465,13.6,1
2026-08-14 15:21:18,0,1,person,0.914,2,14,637,466,13.6,1
2026-08-14 15:21:18,0,1,person,0.914,2,14,637,466,13.6,0
2026-08-14 15:21:18,0,1,person,0.801,1,13,636,467,13.6,2
2026-08-14 15:21:18,0,3,cup,0.594,141,199,303,248,13.6,2
2026-08-14 15:21:18,0,1,person,0.947,0,12,640,468,13.6,1
2026-08-14 15:21:18,0,3,cup,0.594,141,199,303,248,13.6,1
2026-08-14 15:21:18,0,1,person,0.693,0,17,635,463,13.6,1
2026-08-14 15:21:18,0,3,cup,0.594,141,199,303,248,13.6,1
2026-08-14 15:21:18,0,1,person,0.955,0,14,640,466,13.5,1
2026-08-14 15:21:18,0,3,cup,0.594,141,199,303,248,13.5,1
2026-08-14 15:21:18,0,1,person,0.953,0,12,640,468,13.6,1
2026-08-14 15:21:18,0,3,cup,0.594,141,199,303,248,13.6,1
2026-08-14 15:21:18,0,1,person,0.951,0,13,640,467,13.5,1
2026-08-14 15:21:18,0,3,cup,0.594,141,199,303,248,13.5,1
2026-08-14 15:21:19,0,1,person,0.949,0,14,640,466,13.5,1
2026-08-14 15:21:19,0,3,cup,0.594,141,199,303,248,13.5,1
2026-08-14 15:21:19,0,1,person,0.946,0,13,640,467,13.5,1
2026-08-14 15:21:19,0,3,cup,0.594,141,199,303,248,13.5,1
2026-08-14 15:21:19,0,1,person,0.878,0,16,640,464,13.5,1
2026-08-14 15:21:19,0,3,cup,0.594,141,199,303,248,13.5,1
2026-08-14 15:21:19,0,1,person,0.944,0,11,638,469,13.5,1
2026-08-14 15:21:19,0,3,cup,0.594,141,199,303,248,13.5,1
2026-08-14 15:21:19,0,1,person,0.691,0,13,640,467,13.5,1
2026-08-14 15:21:19,0,1,person,0.936,0,14,640,466,13.6,1
2026-08-14 15:21:19,0,1,person,0.944,0,13,640,467,13.6,1
2026-08-14 15:21:19,0,1,person,0.923,0,7,640,473,13.6,1
2026-08-14 15:21:19,0,1,person,0.862,2,1,636,479,13.6,1
2026-08-14 15:21:19,0,1,person,0.934,0,9,634,471,13.6,1
2026-08-14 15:21:19,0,1,person,0.917,0,10,603,470,13.5,2
2026-08-14 15:21:19,0,4,cup,0.776,381,299,233,180,13.5,2
2026-08-14 15:21:19,0,1,person,0.933,3,9,629,471,13.5,1
2026-08-14 15:21:19,0,4,cup,0.776,381,299,233,180,13.5,1
2026-08-14 15:21:19,0,1,person,0.906,3,0,637,480,13.5,1
2026-08-14 15:21:19,0,4,cup,0.776,381,299,233,180,13.5,1
2026-08-14 15:21:20,0,1,person,0.933,0,11,638,469,13.5,1
2026-08-14 15:21:20,0,4,cup,0.776,381,299,233,180,13.5,1
2026-08-14 15:21:20,0,1,person,0.940,0,12,640,468,13.5,1
2026-08-14 15:21:20,0,4,cup,0.776,381,299,233,180,13.5,1
2026-08-14 15:21:20,0,1,person,0.933,0,13,640,467,13.5,1
2026-08-14 15:21:20,0,4,cup,0.776,381,299,233,180,13.5,1
2026-08-14 15:21:20,0,1,person,0.920,0,13,635,467,13.5,1
2026-08-14 15:21:20,0,4,cup,0.776,381,299,233,180,13.5,1
2026-08-14 15:21:20,0,1,person,0.932,0,13,640,467,13.5,1
2026-08-14 15:21:20,0,4,cup,0.776,381,299,233,180,13.5,1
2026-08-14 15:21:20,0,1,person,0.914,0,13,631,467,13.5,1
2026-08-14 15:21:20,0,4,cup,0.776,381,299,233,180,13.5,1
2026-08-14 15:21:20,0,1,person,0.934,0,13,640,467,13.5,1
2026-08-14 15:21:20,0,4,cup,0.776,381,299,233,180,13.5,1
2026-08-14 15:21:20,0,1,person,0.939,0,13,640,467,13.5,1
2026-08-14 15:21:20,0,1,person,0.933,0,12,640,468,13.5,1
2026-08-14 15:21:20,0,1,person,0.944,0,12,640,468,13.5,1
2026-08-14 15:21:20,0,1,person,0.933,0,12,637,468,13.5,1
2026-08-14 15:21:20,0,1,person,0.767,0,0,636,480,13.5,1
2026-08-14 15:21:20,0,1,person,0.921,4,9,624,471,13.5,1
2026-08-14 15:21:20,0,1,person,0.909,0,11,635,469,13.5,1
2026-08-14 15:21:21,0,1,person,0.933,1,10,636,470,13.6,1
2026-08-14 15:21:21,0,1,person,0.941,0,9,634,471,13.6,1
2026-08-14 15:21:21,0,1,person,0.687,4,7,560,470,13.6,1
2026-08-14 15:21:21,0,1,person,0.926,0,5,639,475,13.6,1
2026-08-14 15:21:21,0,1,person,0.911,0,12,635,468,13.5,1
2026-08-14 15:21:21,0,1,person,0.930,0,12,640,468,13.5,1
2026-08-14 15:21:21,0,1,person,0.927,0,12,640,468,13.5,1
2026-08-14 15:21:21,0,1,person,0.928,0,12,640,468,13.5,1
2026-08-14 15:21:21,0,1,person,0.921,0,12,635,468,13.5,1
2026-08-14 15:21:21,0,1,person,0.937,0,12,640,468,13.4,1
2026-08-14 15:21:21,0,1,person,0.931,0,11,640,469,13.4,1
2026-08-14 15:21:21,0,1,person,0.933,0,11,640,469,13.4,1
2026-08-14 15:21:21,0,1,person,0.934,0,11,639,469,13.4,1
2026-08-14 15:21:22,0,1,person,0.915,0,8,636,472,13.4,1
2026-08-14 15:21:22,0,1,person,0.617,0,0,553,480,13.5,1
2026-08-14 15:21:22,0,1,person,0.817,34,8,577,472,13.5,1
2026-08-14 15:21:22,0,1,person,0.905,0,9,604,471,13.4,2
2026-08-14 15:21:22,0,5,cup,0.560,346,212,253,265,13.4,2
2026-08-14 15:21:22,0,1,person,0.710,18,8,622,472,13.4,1
2026-08-14 15:21:22,0,5,cup,0.560,346,212,253,265,13.4,1
2026-08-14 15:21:22,0,1,person,0.834,0,0,637,480,13.5,1
2026-08-14 15:21:22,0,5,cup,0.560,346,212,253,265,13.5,1
2026-08-14 15:21:22,0,1,person,0.949,0,11,640,469,13.5,1
2026-08-14 15:21:22,0,5,cup,0.560,346,212,253,265,13.5,1
2026-08-14 15:21:22,0,1,person,0.940,0,13,640,467,13.5,1
2026-08-14 15:21:22,0,5,cup,0.560,346,212,253,265,13.5,1
2026-08-14 15:21:22,0,1,person,0.940,0,14,640,466,13.4,1
2026-08-14 15:21:22,0,5,cup,0.560,346,212,253,265,13.4,1
2026-08-14 15:21:22,0,1,person,0.936,0,13,640,467,13.4,1
2026-08-14 15:21:22,0,5,cup,0.560,346,212,253,265,13.4,1
2026-08-14 15:21:22,0,1,person,0.929,0,13,640,467,13.4,1
2026-08-14 15:21:22,0,5,cup,0.560,346,212,253,265,13.4,1
2026-08-14 15:21:22,0,1,person,0.935,0,11,640,469,13.4,1
2026-08-14 15:21:22,0,5,cup,0.560,346,212,253,265,13.4,1
2026-08-14 15:21:22,0,1,person,0.938,0,12,640,468,13.4,1
2026-08-14 15:21:22,0,5,cup,0.560,346,212,253,265,13.4,1
2026-08-14 15:21:23,0,1,person,0.919,0,11,637,469,13.4,1
2026-08-14 15:21:23,0,1,person,0.942,0,11,640,469,13.4,1
2026-08-14 15:21:23,0,1,person,0.943,0,11,640,469,13.4,1
2026-08-14 15:21:23,0,1,person,0.920,0,8,639,472,13.4,1
2026-08-14 15:21:23,0,1,person,0.920,0,8,639,472,13.3,0
2026-08-14 15:21:23,0,1,person,0.864,0,9,594,471,13.3,1
2026-08-14 15:21:23,0,1,person,0.906,1,10,611,470,13.3,1
2026-08-14 15:21:23,0,1,person,0.539,4,10,570,467,13.4,1
2026-08-14 15:21:23,0,1,person,0.929,0,3,640,477,13.4,1
2026-08-14 15:21:23,0,1,person,0.934,0,11,640,469,13.4,1
2026-08-14 15:21:23,0,1,person,0.935,0,12,640,468,13.4,1
2026-08-14 15:21:23,0,1,person,0.927,0,12,640,468,13.4,1
2026-08-14 15:21:23,0,1,person,0.898,0,12,637,468,13.5,1
2026-08-14 15:21:23,0,1,person,0.922,0,11,639,469,13.4,1
2026-08-14 15:21:24,0,1,person,0.926,0,11,640,469,13.4,1
2026-08-14 15:21:24,0,1,person,0.941,0,11,640,469,13.4,1
2026-08-14 15:21:24,0,1,person,0.947,0,10,640,470,13.4,1
2026-08-14 15:21:24,0,1,person,0.948,0,7,640,473,13.4,1
2026-08-14 15:21:24,0,1,person,0.943,0,7,640,473,13.4,1
2026-08-14 15:21:24,0,1,person,0.931,3,7,637,473,13.4,1
2026-08-14 15:21:24,0,1,person,0.930,0,6,640,474,13.4,1
2026-08-14 15:21:24,0,1,person,0.933,3,5,637,475,13.3,1
2026-08-14 15:21:24,0,1,person,0.929,2,5,638,475,13.3,1
2026-08-14 15:21:24,0,1,person,0.947,1,7,639,473,13.3,1
2026-08-14 15:21:24,0,1,person,0.947,1,7,639,473,13.3,0
2026-08-14 15:21:24,0,1,person,0.929,1,5,639,475,13.3,1
2026-08-14 15:21:24,0,1,person,0.927,1,5,639,475,13.3,1
2026-08-14 15:21:25,0,1,person,0.909,4,5,636,475,13.3,1
2026-08-14 15:21:25,0,1,person,0.931,3,5,637,475,13.3,1
2026-08-14 15:21:25,0,1,person,0.932,1,4,639,476,13.4,1
2026-08-14 15:21:25,0,1,person,0.922,4,7,636,473,13.3,1
2026-08-14 15:21:25,0,1,person,0.923,6,6,634,474,13.3,1
2026-08-14 15:21:25,0,1,person,0.946,5,7,635,473,13.3,1
2026-08-14 15:21:25,0,1,person,0.945,0,7,640,473,13.3,1
2026-08-14 15:21:25,0,1,person,0.948,0,8,640,472,13.3,1
2026-08-14 15:21:25,0,1,person,0.938,0,6,640,474,13.3,1
2026-08-14 15:21:25,0,1,person,0.940,0,7,640,473,13.3,1
2026-08-14 15:21:25,0,1,person,0.941,0,8,640,472,13.3,1
2026-08-14 15:21:25,0,1,person,0.955,0,8,640,472,13.2,1
2026-08-14 15:21:25,0,1,person,0.947,0,4,640,476,13.2,1
2026-08-14 15:21:26,0,1,person,0.939,0,1,630,479,13.2,1
2026-08-14 15:21:26,0,1,person,0.944,0,0,636,480,13.2,1
2026-08-14 15:21:26,0,1,person,0.947,0,1,631,479,13.2,1
2026-08-14 15:21:26,0,1,person,0.949,0,4,634,476,13.2,1
2026-08-14 15:21:26,0,1,person,0.956,0,4,638,476,13.2,1
2026-08-14 15:21:26,0,1,person,0.954,0,6,638,474,13.2,1
2026-08-14 15:21:26,0,1,person,0.957,0,8,638,472,13.2,1
2026-08-14 15:21:26,0,1,person,0.956,0,8,636,472,13.2,1
2026-08-14 15:21:26,0,1,person,0.956,0,8,634,472,13.2,1
2026-08-14 15:21:26,0,1,person,0.957,1,10,636,470,13.1,1
2026-08-14 15:21:26,0,1,person,0.957,0,10,639,470,13.2,1
2026-08-14 15:21:26,0,1,person,0.945,0,7,634,473,13.2,1
2026-08-14 15:21:26,0,1,person,0.938,0,4,640,476,13.2,1
2026-08-14 15:21:26,0,1,person,0.923,0,7,640,473,13.3,1
2026-08-14 15:21:27,0,1,person,0.933,0,5,640,475,13.2,1
2026-08-14 15:21:27,0,1,person,0.948,0,5,640,475,13.2,1
2026-08-14 15:21:27,0,1,person,0.951,0,22,640,458,13.2,1
2026-08-14 15:21:27,0,1,person,0.952,0,24,640,456,13.2,1
2026-08-14 15:21:27,0,1,person,0.950,0,21,640,459,13.3,1
2026-08-14 15:21:27,0,1,person,0.943,0,23,640,457,13.2,1
2026-08-14 15:21:27,0,1,person,0.941,0,26,640,454,13.3,1
2026-08-14 15:21:27,0,1,person,0.949,0,26,640,454,13.3,1
2026-08-14 15:21:27,0,1,person,0.953,0,22,640,458,13.3,1
2026-08-14 15:21:27,0,1,person,0.949,0,24,640,456,13.3,1
2026-08-14 15:21:27,0,1,person,0.939,0,26,639,454,13.3,1
2026-08-14 15:21:27,0,1,person,0.944,0,22,639,458,13.3,1
2026-08-14 15:21:27,0,1,person,0.957,0,24,640,456,13.3,1
2026-08-14 15:21:28,0,1,person,0.947,0,27,639,453,13.3,1
2026-08-14 15:21:28,0,1,person,0.950,0,28,640,452,13.4,1
2026-08-14 15:21:28,0,1,person,0.953,0,24,640,456,13.4,1
2026-08-14 15:21:28,0,1,person,0.956,0,25,640,455,13.4,1
2026-08-14 15:21:28,0,1,person,0.949,0,28,640,452,13.4,1
2026-08-14 15:21:28,0,1,person,0.944,0,29,640,451,13.4,1
2026-08-14 15:21:28,0,1,person,0.947,0,29,640,451,13.3,1
2026-08-14 15:21:28,0,1,person,0.955,0,30,640,450,13.2,1
2026-08-14 15:21:28,0,1,person,0.924,0,33,636,447,13.2,1
2026-08-14 15:21:28,0,1,person,0.952,0,28,640,452,13.1,1
2026-08-14 15:21:28,0,1,person,0.948,0,29,640,451,13.1,1
2026-08-14 15:21:28,0,1,person,0.957,0,31,640,449,13.0,1
2026-08-14 15:21:29,0,1,person,0.958,0,29,640,451,13.0,1
2026-08-14 15:21:29,0,1,person,0.949,1,26,639,453,12.9,1
2026-08-14 15:21:29,0,1,person,0.955,0,27,640,453,12.9,1
2026-08-14 15:21:29,0,1,person,0.937,0,24,640,456,12.8,1
2026-08-14 15:21:29,0,1,person,0.937,0,22,640,458,12.7,1
2026-08-14 15:21:29,0,1,person,0.946,2,22,638,458,12.7,1
2026-08-14 15:21:29,0,1,person,0.848,2,21,628,459,12.6,1
2026-08-14 15:21:29,0,1,person,0.929,0,16,639,464,12.6,1
2026-08-14 15:21:29,0,1,person,0.930,0,20,639,460,12.6,1
2026-08-14 15:21:29,0,1,person,0.945,0,20,640,460,12.5,1
2026-08-14 15:21:29,0,1,person,0.951,0,17,640,463,12.4,1
2026-08-14 15:21:29,0,1,person,0.946,1,16,639,464,12.4,1
2026-08-14 15:21:30,0,1,person,0.942,0,23,640,457,12.3,1
2026-08-14 15:21:30,0,1,person,0.954,0,21,640,459,12.3,1
2026-08-14 15:21:30,0,1,person,0.953,1,20,639,460,12.3,1
2026-08-14 15:21:30,0,1,person,0.951,0,22,640,458,12.2,1
2026-08-14 15:21:30,0,1,person,0.946,0,23,639,457,12.2,1
2026-08-14 15:21:30,0,1,person,0.952,0,21,640,459,12.1,1
2026-08-14 15:21:30,0,1,person,0.956,0,21,640,459,12.0,1
2026-08-14 15:21:30,0,1,person,0.956,0,23,640,457,12.0,1
2026-08-14 15:21:30,0,1,person,0.956,0,24,640,456,11.9,1
2026-08-14 15:21:30,0,1,person,0.947,0,24,640,456,11.9,1
2026-08-14 15:21:30,0,1,person,0.956,0,26,640,454,11.8,1
2026-08-14 15:21:30,0,1,person,0.955,0,25,640,455,11.8,1
2026-08-14 15:21:31,0,1,person,0.954,0,25,640,455,11.9,1
2026-08-14 15:21:31,0,1,person,0.956,0,25,640,455,11.9,1
2026-08-14 15:21:31,0,1,person,0.954,0,23,640,457,11.9,1
2026-08-14 15:21:31,0,1,person,0.956,0,25,640,455,11.9,1
2026-08-14 15:21:31,0,1,person,0.952,0,25,640,455,12.0,1
2026-08-14 15:21:31,0,1,person,0.950,0,24,639,456,12.0,1
2026-08-14 15:21:31,0,1,person,0.955,0,25,640,455,12.0,1
2026-08-14 15:21:31,0,1,person,0.953,0,25,640,455,12.0,1
2026-08-14 15:21:31,0,1,person,0.954,0,25,640,455,12.0,1
2026-08-14 15:21:31,0,1,person,0.952,0,25,640,455,12.0,1
2026-08-14 15:21:31,0,1,person,0.946,0,25,640,455,12.0,1
2026-08-14 15:21:31,0,1,person,0.956,0,25,640,455,12.0,1
2026-08-14 15:21:32,0,1,person,0.952,0,26,640,454,12.0,1
2026-08-14 15:21:32,0,1,person,0.955,0,26,640,454,12.0,1
2026-08-14 15:21:32,0,1,person,0.951,0,25,639,455,12.0,1
2026-08-14 15:21:32,0,1,person,0.955,0,23,640,457,12.0,1
2026-08-14 15:21:32,0,1,person,0.957,0,24,640,456,12.0,1
2026-08-14 15:21:32,0,1,person,0.952,0,20,640,460,12.0,1
2026-08-14 15:21:32,0,1,person,0.947,0,20,640,460,12.0,1
2026-08-14 15:21:32,0,1,person,0.858,1,19,614,461,12.0,1
2026-08-14 15:21:32,0,1,person,0.892,2,18,635,462,12.0,1
2026-08-14 15:21:32,0,1,person,0.895,0,5,638,475,12.0,1
2026-08-14 15:21:32,0,1,person,0.696,0,11,638,469,12.0,1
2026-08-14 15:21:32,0,1,person,0.802,1,38,638,442,12.0,1
2026-08-14 15:21:33,0,1,person,0.691,0,76,640,404,12.0,2
2026-08-14 15:21:33,0,6,toothbrush,0.739,78,0,466,194,12.0,2
2026-08-14 15:21:33,0,1,person,0.863,0,57,639,423,12.0,1
2026-08-14 15:21:33,0,6,toothbrush,0.739,78,0,466,194,12.0,1
2026-08-14 15:21:33,0,1,person,0.856,0,99,639,381,12.0,1
2026-08-14 15:21:33,0,6,toothbrush,0.739,78,0,466,194,12.0,1
2026-08-14 15:21:33,0,1,person,0.899,0,23,640,457,11.9,1
2026-08-14 15:21:33,0,6,toothbrush,0.739,78,0,466,194,11.9,1
2026-08-14 15:21:33,0,1,person,0.911,0,15,640,465,11.9,1
2026-08-14 15:21:33,0,6,toothbrush,0.739,78,0,466,194,11.9,1
2026-08-14 15:21:33,0,1,person,0.927,0,19,639,461,11.9,2
2026-08-14 15:21:33,0,6,toothbrush,0.739,78,0,466,194,11.9,2
2026-08-14 15:21:33,0,7,cell phone,0.553,389,121,231,73,11.9,2
2026-08-14 15:21:33,0,1,person,0.677,0,51,639,429,11.8,1
2026-08-14 15:21:33,0,6,toothbrush,0.739,78,0,466,194,11.8,1
2026-08-14 15:21:33,0,7,cell phone,0.553,389,121,231,73,11.8,1
2026-08-14 15:21:33,0,1,person,0.619,0,19,640,461,11.8,1
2026-08-14 15:21:33,0,6,toothbrush,0.739,78,0,466,194,11.8,1
2026-08-14 15:21:33,0,7,cell phone,0.553,389,121,231,73,11.8,1
2026-08-14 15:21:33,0,1,person,0.930,0,16,640,464,11.8,1
2026-08-14 15:21:33,0,6,toothbrush,0.739,78,0,466,194,11.8,1
2026-08-14 15:21:33,0,7,cell phone,0.553,389,121,231,73,11.8,1
2026-08-14 15:21:33,0,1,person,0.934,0,18,640,462,11.7,1
2026-08-14 15:21:33,0,6,toothbrush,0.739,78,0,466,194,11.7,1
2026-08-14 15:21:33,0,7,cell phone,0.553,389,121,231,73,11.7,1
2026-08-14 15:21:33,0,1,person,0.912,0,20,640,460,11.7,1
2026-08-14 15:21:33,0,7,cell phone,0.553,389,121,231,73,11.7,1
2026-08-14 15:21:34,0,1,person,0.925,0,17,640,463,11.7,1
2026-08-14 15:21:34,0,7,cell phone,0.553,389,121,231,73,11.7,1
2026-08-14 15:21:34,0,1,person,0.886,0,13,640,467,11.7,1
2026-08-14 15:21:34,0,7,cell phone,0.553,389,121,231,73,11.7,1
2026-08-14 15:21:34,0,1,person,0.894,0,12,640,468,11.6,1
2026-08-14 15:21:34,0,7,cell phone,0.553,389,121,231,73,11.6,1
2026-08-14 15:21:34,0,1,person,0.923,0,15,640,465,11.7,2
2026-08-14 15:21:34,0,7,cell phone,0.613,381,128,236,73,11.7,2
2026-08-14 15:21:34,0,1,person,0.926,0,14,640,466,11.7,2
2026-08-14 15:21:34,0,7,cell phone,0.720,381,126,237,74,11.7,2
2026-08-14 15:21:34,0,1,person,0.908,0,17,640,463,11.6,1
2026-08-14 15:21:34,0,7,cell phone,0.720,381,126,237,74,11.6,1
2026-08-14 15:21:34,0,1,person,0.877,0,17,640,463,11.6,1
2026-08-14 15:21:34,0,7,cell phone,0.720,381,126,237,74,11.6,1
2026-08-14 15:21:34,0,1,person,0.854,0,2,640,478,11.6,1
2026-08-14 15:21:34,0,7,cell phone,0.720,381,126,237,74,11.6,1
2026-08-14 15:21:34,0,1,person,0.820,0,36,640,444,11.6,1
2026-08-14 15:21:34,0,7,cell phone,0.720,381,126,237,74,11.6,1
2026-08-14 15:21:34,0,1,person,0.905,0,19,640,461,11.6,1
2026-08-14 15:21:34,0,7,cell phone,0.720,381,126,237,74,11.6,1
2026-08-14 15:21:34,0,1,person,0.872,0,5,640,475,11.6,1
2026-08-14 15:21:34,0,7,cell phone,0.720,381,126,237,74,11.6,1
2026-08-14 15:21:35,0,1,person,0.847,0,60,640,420,11.5,1
2026-08-14 15:21:35,0,7,cell phone,0.720,381,126,237,74,11.5,1
2026-08-14 15:21:35,0,1,person,0.844,0,64,640,416,11.5,1
2026-08-14 15:21:35,0,7,cell phone,0.720,381,126,237,74,11.5,1
2026-08-14 15:21:35,0,1,person,0.865,0,57,640,423,11.4,1
2026-08-14 15:21:35,0,7,cell phone,0.720,381,126,237,74,11.4,1
2026-08-14 15:21:35,0,1,person,0.850,0,61,640,419,11.4,1
2026-08-14 15:21:35,0,1,person,0.831,0,61,639,419,11.4,1
2026-08-14 15:21:35,0,1,person,0.837,0,57,640,423,11.4,1
2026-08-14 15:21:35,0,1,person,0.759,0,128,640,351,11.3,1
2026-08-14 15:21:35,0,1,person,0.733,0,122,640,357,11.3,1
2026-08-14 15:21:35,0,1,person,0.750,0,130,639,349,11.3,1
2026-08-14 15:21:35,0,1,person,0.719,0,113,640,366,11.3,2
2026-08-14 15:21:35,0,8,person,0.656,0,35,640,445,11.3,2
2026-08-14 15:21:35,0,1,person,0.741,0,125,640,354,11.3,1
2026-08-14 15:21:35,0,8,person,0.656,0,35,640,445,11.3,1
2026-08-14 15:21:35,0,1,person,0.722,0,114,640,365,11.3,1
2026-08-14 15:21:35,0,8,person,0.656,0,35,640,445,11.3,1
2026-08-14 15:21:36,0,1,person,0.719,0,12,640,468,11.3,2
2026-08-14 15:21:36,0,8,person,0.656,0,35,640,445,11.3,2
2026-08-14 15:21:36,0,9,cell phone,0.575,374,121,247,81,11.3,2
2026-08-14 15:21:36,0,1,person,0.571,0,13,640,467,11.3,4
2026-08-14 15:21:36,0,8,person,0.763,0,67,638,413,11.3,4
2026-08-14 15:21:36,0,9,cell phone,0.512,374,122,246,81,11.3,4
2026-08-14 15:21:36,0,10,person,0.730,0,113,640,366,11.3,4
2026-08-14 15:21:36,0,1,person,0.782,0,118,639,361,11.3,1
2026-08-14 15:21:36,0,8,person,0.763,0,67,638,413,11.3,1
2026-08-14 15:21:36,0,9,cell phone,0.512,374,122,246,81,11.3,1
2026-08-14 15:21:36,0,10,person,0.730,0,113,640,366,11.3,1
2026-08-14 15:21:36,0,1,person,0.662,0,29,640,451,11.3,2
2026-08-14 15:21:36,0,8,person,0.815,0,18,638,462,11.3,2
2026-08-14 15:21:36,0,9,cell phone,0.512,374,122,246,81,11.3,2
2026-08-14 15:21:36,0,10,person,0.730,0,113,640,366,11.3,2
2026-08-14 15:21:36,0,1,person,0.843,0,19,640,461,11.3,1
2026-08-14 15:21:36,0,8,person,0.815,0,18,638,462,11.3,1
2026-08-14 15:21:36,0,9,cell phone,0.512,374,122,246,81,11.3,1
2026-08-14 15:21:36,0,10,person,0.730,0,113,640,366,11.3,1
2026-08-14 15:21:36,0,1,person,0.743,0,11,640,469,11.3,3
2026-08-14 15:21:36,0,8,person,0.617,0,115,637,365,11.3,3
2026-08-14 15:21:36,0,9,cell phone,0.548,372,123,246,79,11.3,3
2026-08-14 15:21:36,0,10,person,0.730,0,113,640,366,11.3,3
2026-08-14 15:21:36,0,1,person,0.757,0,116,640,363,11.3,1
2026-08-14 15:21:36,0,8,person,0.617,0,115,637,365,11.3,1
2026-08-14 15:21:36,0,9,cell phone,0.548,372,123,246,79,11.3,1
2026-08-14 15:21:36,0,10,person,0.730,0,113,640,366,11.3,1
2026-08-14 15:21:36,0,1,person,0.841,0,15,640,465,11.2,2
2026-08-14 15:21:36,0,8,person,0.617,0,115,637,365,11.2,2
2026-08-14 15:21:36,0,9,cell phone,0.531,371,123,247,80,11.2,2
2026-08-14 15:21:36,0,10,person,0.730,0,113,640,366,11.2,2
2026-08-14 15:21:36,0,1,person,0.891,0,12,640,468,11.2,1
2026-08-14 15:21:36,0,8,person,0.617,0,115,637,365,11.2,1
2026-08-14 15:21:36,0,9,cell phone,0.531,371,123,247,80,11.2,1
2026-08-14 15:21:36,0,10,person,0.730,0,113,640,366,11.2,1
2026-08-14 15:21:36,0,1,person,0.907,0,14,640,466,11.2,1
2026-08-14 15:21:36,0,8,person,0.617,0,115,637,365,11.2,1
2026-08-14 15:21:36,0,9,cell phone,0.531,371,123,247,80,11.2,1
2026-08-14 15:21:36,0,10,person,0.730,0,113,640,366,11.2,1
2026-08-14 15:21:36,0,1,person,0.759,0,34,639,446,11.1,1
2026-08-14 15:21:36,0,8,person,0.617,0,115,637,365,11.1,1
2026-08-14 15:21:37,0,9,cell phone,0.531,371,123,247,80,11.1,1
2026-08-14 15:21:37,0,10,person,0.730,0,113,640,366,11.1,1
2026-08-14 15:21:37,0,1,person,0.852,0,20,640,460,11.1,2
2026-08-14 15:21:37,0,8,person,0.617,0,115,637,365,11.1,2
2026-08-14 15:21:37,0,9,cell phone,0.529,366,124,249,81,11.1,2
2026-08-14 15:21:37,0,1,person,0.769,0,14,638,466,11.1,1
2026-08-14 15:21:37,0,8,person,0.617,0,115,637,365,11.1,1
2026-08-14 15:21:37,0,9,cell phone,0.529,366,124,249,81,11.1,1
2026-08-14 15:21:37,0,1,person,0.760,0,22,638,458,11.1,1
2026-08-14 15:21:37,0,8,person,0.617,0,115,637,365,11.1,1
2026-08-14 15:21:37,0,9,cell phone,0.529,366,124,249,81,11.1,1
2026-08-14 15:21:37,0,1,person,0.751,0,7,639,473,11.1,1
2026-08-14 15:21:37,0,8,person,0.617,0,115,637,365,11.1,1
2026-08-14 15:21:37,0,9,cell phone,0.529,366,124,249,81,11.1,1
2026-08-14 15:21:37,0,1,person,0.746,0,4,639,476,11.1,1
2026-08-14 15:21:37,0,9,cell phone,0.529,366,124,249,81,11.1,1
2026-08-14 15:21:37,0,1,person,0.700,0,20,640,460,11.1,1
2026-08-14 15:21:37,0,9,cell phone,0.529,366,124,249,81,11.1,1
2026-08-14 15:21:37,0,1,person,0.671,0,0,640,480,11.1,1
2026-08-14 15:21:37,0,9,cell phone,0.529,366,124,249,81,11.1,1
2026-08-14 15:21:37,0,1,person,0.695,0,5,640,475,11.1,1
2026-08-14 15:21:37,0,9,cell phone,0.529,366,124,249,81,11.1,1
2026-08-14 15:21:37,0,1,person,0.690,0,0,640,480,11.1,1
2026-08-14 15:21:37,0,9,cell phone,0.529,366,124,249,81,11.1,1
2026-08-14 15:21:37,0,1,person,0.873,0,11,640,469,11.0,1
2026-08-14 15:21:37,0,9,cell phone,0.529,366,124,249,81,11.0,1
2026-08-14 15:21:37,0,1,person,0.823,0,66,639,414,11.1,1
2026-08-14 15:21:38,0,1,person,0.898,0,9,640,471,11.1,1
2026-08-14 15:21:38,0,1,person,0.813,0,38,638,442,11.1,1
2026-08-14 15:21:38,0,1,person,0.731,0,31,639,449,11.1,1
2026-08-14 15:21:38,0,1,person,0.502,0,30,640,450,11.1,1
2026-08-14 15:21:38,0,1,person,0.663,0,8,640,472,11.0,1
2026-08-14 15:21:38,0,1,person,0.649,0,0,640,480,11.0,1
2026-08-14 15:21:38,0,1,person,0.673,0,25,640,455,11.0,1
2026-08-14 15:21:38,0,1,person,0.630,0,13,640,467,11.0,1
2026-08-14 15:21:38,0,1,person,0.825,0,7,639,473,11.0,1
2026-08-14 15:21:38,0,1,person,0.923,0,14,640,466,11.1,2
2026-08-14 15:21:38,0,11,cell phone,0.554,373,127,249,78,11.1,2
2026-08-14 15:21:38,0,1,person,0.822,0,28,638,452,11.1,1
2026-08-14 15:21:38,0,11,cell phone,0.554,373,127,249,78,11.1,1
2026-08-14 15:21:39,0,1,person,0.922,0,18,640,462,11.1,2
2026-08-14 15:21:39,0,11,cell phone,0.793,378,122,253,79,11.1,2
2026-08-14 15:21:39,0,1,person,0.925,0,11,639,469,11.1,1
2026-08-14 15:21:39,0,11,cell phone,0.793,378,122,253,79,11.1,1
2026-08-14 15:21:39,0,1,person,0.615,0,9,635,461,11.1,2
2026-08-14 15:21:39,0,11,cell phone,0.793,378,122,253,79,11.1,2
2026-08-14 15:21:39,0,12,toothbrush,0.560,59,135,578,119,11.1,2
2026-08-14 15:21:39,0,1,person,0.581,0,6,638,461,11.2,2
2026-08-14 15:21:39,0,11,cell phone,0.793,378,122,253,79,11.2,2
2026-08-14 15:21:39,0,12,toothbrush,0.515,11,131,629,158,11.2,2
2026-08-14 15:21:39,0,1,person,0.648,0,7,634,444,11.2,2
2026-08-14 15:21:39,0,11,cell phone,0.793,378,122,253,79,11.2,2
2026-08-14 15:21:39,0,12,toothbrush,0.580,36,137,604,160,11.2,2
2026-08-14 15:21:39,0,1,person,0.509,0,4,640,472,11.3,3
2026-08-14 15:21:39,0,11,cell phone,0.522,367,143,273,108,11.3,3
2026-08-14 15:21:39,0,12,toothbrush,0.580,36,137,604,160,11.3,3
2026-08-14 15:21:39,0,13,person,0.838,0,2,637,478,11.3,3
2026-08-14 15:21:39,0,1,person,0.564,2,4,633,473,11.3,1
2026-08-14 15:21:39,0,11,cell phone,0.522,367,143,273,108,11.3,1
2026-08-14 15:21:39,0,12,toothbrush,0.580,36,137,604,160,11.3,1
2026-08-14 15:21:39,0,13,person,0.838,0,2,637,478,11.3,1
2026-08-14 15:21:39,0,1,person,0.847,4,4,631,476,11.3,2
2026-08-14 15:21:39,0,11,cell phone,0.625,257,144,383,96,11.3,2
2026-08-14 15:21:39,0,12,toothbrush,0.580,36,137,604,160,11.3,2
2026-08-14 15:21:39,0,13,person,0.838,0,2,637,478,11.3,2
2026-08-14 15:21:39,0,1,person,0.929,0,3,639,477,11.3,1
2026-08-14 15:21:39,0,11,cell phone,0.625,257,144,383,96,11.3,1
2026-08-14 15:21:39,0,12,toothbrush,0.580,36,137,604,160,11.3,1
2026-08-14 15:21:39,0,13,person,0.838,0,2,637,478,11.3,1
2026-08-14 15:21:39,0,1,person,0.941,0,2,640,478,11.3,2
2026-08-14 15:21:39,0,11,cell phone,0.516,370,142,270,78,11.3,2
2026-08-14 15:21:39,0,12,toothbrush,0.580,36,137,604,160,11.3,2
2026-08-14 15:21:39,0,13,person,0.838,0,2,637,478,11.3,2
2026-08-14 15:21:39,0,1,person,0.940,0,3,640,477,11.3,2
2026-08-14 15:21:39,0,11,cell phone,0.509,367,139,271,77,11.3,2
2026-08-14 15:21:39,0,12,toothbrush,0.580,36,137,604,160,11.3,2
2026-08-14 15:21:39,0,13,person,0.838,0,2,637,478,11.3,2
2026-08-14 15:21:40,0,1,person,0.885,0,1,640,479,11.3,2
2026-08-14 15:21:40,0,11,cell phone,0.576,355,135,283,79,11.3,2
2026-08-14 15:21:40,0,12,toothbrush,0.580,36,137,604,160,11.3,2
2026-08-14 15:21:40,0,13,person,0.838,0,2,637,478,11.3,2
2026-08-14 15:21:40,0,1,person,0.899,0,3,640,477,11.3,2
2026-08-14 15:21:40,0,11,cell phone,0.677,345,132,266,83,11.3,2
2026-08-14 15:21:40,0,12,toothbrush,0.580,36,137,604,160,11.3,2
2026-08-14 15:21:40,0,13,person,0.838,0,2,637,478,11.3,2
2026-08-14 15:21:40,0,1,person,0.888,0,1,634,479,11.3,2
2026-08-14 15:21:40,0,11,cell phone,0.549,335,113,260,87,11.3,2
2026-08-14 15:21:40,0,12,toothbrush,0.580,36,137,604,160,11.3,2
2026-08-14 15:21:40,0,13,person,0.838,0,2,637,478,11.3,2
2026-08-14 15:21:40,0,1,person,0.925,0,4,640,476,11.2,2
2026-08-14 15:21:40,0,11,cell phone,0.713,327,110,265,78,11.2,2
2026-08-14 15:21:40,0,13,person,0.838,0,2,637,478,11.2,2
2026-08-14 15:21:40,0,1,person,0.825,0,2,638,478,11.3,2
2026-08-14 15:21:40,0,11,cell phone,0.713,327,110,265,78,11.3,2
2026-08-14 15:21:40,0,13,person,0.668,0,1,639,479,11.3,2
2026-08-14 15:21:40,0,1,person,0.920,0,2,640,478,11.3,2
2026-08-14 15:21:40,0,11,cell phone,0.811,317,130,266,77,11.3,2
2026-08-14 15:21:40,0,13,person,0.668,0,1,639,479,11.3,2
2026-08-14 15:21:40,0,1,person,0.927,0,2,640,478,11.4,2
2026-08-14 15:21:40,0,11,cell phone,0.751,313,128,265,78,11.4,2
2026-08-14 15:21:40,0,13,person,0.668,0,1,639,479,11.4,2
2026-08-14 15:21:40,0,1,person,0.940,0,6,640,474,11.3,1
2026-08-14 15:21:40,0,11,cell phone,0.751,313,128,265,78,11.3,1
2026-08-14 15:21:40,0,13,person,0.668,0,1,639,479,11.3,1
2026-08-14 15:21:40,0,1,person,0.930,0,9,640,471,11.3,1
2026-08-14 15:21:40,0,11,cell phone,0.751,313,128,265,78,11.3,1
2026-08-14 15:21:40,0,13,person,0.668,0,1,639,479,11.3,1
2026-08-14 15:21:40,0,1,person,0.813,2,106,637,374,11.3,1
2026-08-14 15:21:40,0,11,cell phone,0.751,313,128,265,78,11.3,1
2026-08-14 15:21:40,0,13,person,0.668,0,1,639,479,11.3,1
2026-08-14 15:21:40,0,1,person,0.831,1,120,639,359,11.3,1
2026-08-14 15:21:40,0,11,cell phone,0.751,313,128,265,78,11.3,1
2026-08-14 15:21:40,0,13,person,0.668,0,1,639,479,11.3,1
2026-08-14 15:21:40,0,1,person,0.796,0,129,640,350,11.3,1
2026-08-14 15:21:40,0,11,cell phone,0.751,313,128,265,78,11.3,1
2026-08-14 15:21:40,0,13,person,0.668,0,1,639,479,11.3,1
2026-08-14 15:21:41,0,1,person,0.802,0,113,640,366,11.3,1
2026-08-14 15:21:41,0,11,cell phone,0.751,313,128,265,78,11.3,1
2026-08-14 15:21:41,0,13,person,0.668,0,1,639,479,11.3,1
2026-08-14 15:21:41,0,1,person,0.772,0,141,640,338,11.3,1
2026-08-14 15:21:41,0,11,cell phone,0.751,313,128,265,78,11.3,1
2026-08-14 15:21:41,0,13,person,0.668,0,1,639,479,11.3,1
2026-08-14 15:21:41,0,1,person,0.797,0,66,640,414,11.3,1
2026-08-14 15:21:41,0,11,cell phone,0.751,313,128,265,78,11.3,1
2026-08-14 15:21:41,0,1,person,0.543,0,96,640,384,11.3,1
2026-08-14 15:21:41,0,11,cell phone,0.751,313,128,265,78,11.3,1
2026-08-14 15:21:41,0,1,person,0.779,0,84,640,396,11.3,1
2026-08-14 15:21:41,0,1,person,0.789,0,7,640,473,11.3,1
2026-08-14 15:21:41,0,1,person,0.909,0,92,640,388,11.3,1
2026-08-14 15:21:41,0,1,person,0.901,0,104,640,376,11.3,1
2026-08-14 15:21:41,0,1,person,0.512,0,66,640,414,11.3,1
2026-08-14 15:21:41,0,1,person,0.934,0,8,624,472,11.4,1
2026-08-14 15:21:41,0,1,person,0.643,0,10,635,470,11.3,2
2026-08-14 15:21:41,0,14,person,0.847,7,11,633,469,11.3,2
2026-08-14 15:21:42,0,1,person,0.931,0,8,640,472,11.3,1
2026-08-14 15:21:42,0,14,person,0.847,7,11,633,469,11.3,1
2026-08-14 15:21:42,0,1,person,0.937,5,7,635,473,11.3,1
2026-08-14 15:21:42,0,14,person,0.847,7,11,633,469,11.3,1
2026-08-14 15:21:42,0,1,person,0.937,5,7,635,473,11.3,0
2026-08-14 15:21:42,0,14,person,0.847,7,11,633,469,11.3,0
2026-08-14 15:21:42,0,1,person,0.937,5,7,635,473,11.3,0
2026-08-14 15:21:42,0,14,person,0.847,7,11,633,469,11.3,0
2026-08-14 15:21:42,0,1,person,0.858,242,2,398,478,11.3,1
2026-08-14 15:21:42,0,14,person,0.847,7,11,633,469,11.3,1
2026-08-14 15:21:42,0,1,person,0.858,242,2,398,478,11.3,0
2026-08-14 15:21:42,0,14,person,0.847,7,11,633,469,11.3,0
2026-08-14 15:21:42,0,1,person,0.668,263,10,258,470,11.3,1
2026-08-14 15:21:42,0,14,person,0.847,7,11,633,469,11.3,1
2026-08-14 15:21:42,0,1,person,0.530,250,10,277,469,11.3,1
2026-08-14 15:21:42,0,14,person,0.847,7,11,633,469,11.3,1
2026-08-14 15:21:42,0,1,person,0.749,289,13,348,467,11.3,2
2026-08-14 15:21:42,0,14,person,0.847,7,11,633,469,11.3,2
2026-08-14 15:21:42,0,15,toothbrush,0.671,258,3,145,427,11.3,2
2026-08-14 15:21:42,0,1,person,0.733,302,17,337,463,11.4,2
2026-08-14 15:21:42,0,15,toothbrush,0.946,284,2,120,411,11.4,2
2026-08-14 15:21:42,0,1,person,0.614,28,18,611,462,11.4,1
2026-08-14 15:21:42,0,15,toothbrush,0.946,284,2,120,411,11.4,1
2026-08-14 15:21:43,0,1,person,0.718,16,19,624,461,11.4,1
2026-08-14 15:21:43,0,15,toothbrush,0.946,284,2,120,411,11.4,1
2026-08-14 15:21:43,0,1,person,0.718,16,19,624,461,11.4,0
2026-08-14 15:21:43,0,15,toothbrush,0.946,284,2,120,411,11.4,0
2026-08-14 15:21:43,0,1,person,0.718,16,19,624,461,11.4,2
2026-08-14 15:21:43,0,15,toothbrush,0.946,284,2,120,411,11.4,2
2026-08-14 15:21:43,0,16,toothbrush,0.541,188,1,91,438,11.4,2
2026-08-14 15:21:43,0,17,toothbrush,0.510,185,169,94,261,11.4,2
2026-08-14 15:21:43,0,1,person,0.718,16,19,624,461,11.4,0
2026-08-14 15:21:43,0,15,toothbrush,0.946,284,2,120,411,11.4,0
2026-08-14 15:21:43,0,16,toothbrush,0.541,188,1,91,438,11.4,0
2026-08-14 15:21:43,0,17,toothbrush,0.510,185,169,94,261,11.4,0
2026-08-14 15:21:43,0,1,person,0.508,25,23,610,457,11.3,2
2026-08-14 15:21:43,0,15,toothbrush,0.946,284,2,120,411,11.3,2
2026-08-14 15:21:43,0,16,toothbrush,0.925,123,0,109,436,11.3,2
2026-08-14 15:21:43,0,17,toothbrush,0.510,185,169,94,261,11.3,2
2026-08-14 15:21:43,0,1,person,0.508,25,23,610,457,11.3,0
2026-08-14 15:21:43,0,15,toothbrush,0.946,284,2,120,411,11.3,0
2026-08-14 15:21:43,0,16,toothbrush,0.925,123,0,109,436,11.3,0
2026-08-14 15:21:43,0,17,toothbrush,0.510,185,169,94,261,11.3,0
2026-08-14 15:21:43,0,1,person,0.508,25,23,610,457,11.3,0
2026-08-14 15:21:43,0,15,toothbrush,0.946,284,2,120,411,11.3,0
2026-08-14 15:21:43,0,16,toothbrush,0.925,123,0,109,436,11.3,0
2026-08-14 15:21:43,0,17,toothbrush,0.510,185,169,94,261,11.3,0
2026-08-14 15:21:43,0,1,person,0.508,25,23,610,457,11.3,0
2026-08-14 15:21:43,0,15,toothbrush,0.946,284,2,120,411,11.3,0
2026-08-14 15:21:43,0,16,toothbrush,0.925,123,0,109,436,11.3,0
2026-08-14 15:21:43,0,17,toothbrush,0.510,185,169,94,261,11.3,0
2026-08-14 15:21:43,0,1,person,0.508,25,23,610,457,11.3,0
2026-08-14 15:21:43,0,16,toothbrush,0.925,123,0,109,436,11.3,0
2026-08-14 15:21:43,0,17,toothbrush,0.510,185,169,94,261,11.3,0
2026-08-14 15:21:43,0,1,person,0.508,25,23,610,457,11.3,0
2026-08-14 15:21:43,0,16,toothbrush,0.925,123,0,109,436,11.3,0
2026-08-14 15:21:43,0,17,toothbrush,0.510,185,169,94,261,11.3,0
2026-08-14 15:21:43,0,1,person,0.508,25,23,610,457,11.3,1
2026-08-14 15:21:43,0,16,toothbrush,0.925,123,0,109,436,11.3,1
2026-08-14 15:21:43,0,17,toothbrush,0.510,185,169,94,261,11.3,1
2026-08-14 15:21:43,0,18,toothbrush,0.579,268,166,89,282,11.3,1
2026-08-14 15:21:44,0,1,person,0.508,25,23,610,457,11.3,0
2026-08-14 15:21:44,0,16,toothbrush,0.925,123,0,109,436,11.3,0
2026-08-14 15:21:44,0,17,toothbrush,0.510,185,169,94,261,11.3,0
2026-08-14 15:21:44,0,18,toothbrush,0.579,268,166,89,282,11.3,0
2026-08-14 15:21:44,0,1,person,0.572,62,22,575,458,11.3,1
2026-08-14 15:21:44,0,16,toothbrush,0.925,123,0,109,436,11.3,1
2026-08-14 15:21:44,0,18,toothbrush,0.579,268,166,89,282,11.3,1
2026-08-14 15:21:44,0,1,person,0.572,62,22,575,458,11.2,0
2026-08-14 15:21:44,0,16,toothbrush,0.925,123,0,109,436,11.2,0
2026-08-14 15:21:44,0,18,toothbrush,0.579,268,166,89,282,11.2,0
2026-08-14 15:21:44,0,1,person,0.599,8,23,627,457,11.2,2
2026-08-14 15:21:44,0,18,toothbrush,0.579,268,166,89,282,11.2,2
2026-08-14 15:21:44,0,19,toothbrush,0.654,195,0,121,401,11.2,2
2026-08-14 15:21:44,0,1,person,0.599,8,23,627,457,11.2,1
2026-08-14 15:21:44,0,18,toothbrush,0.579,268,166,89,282,11.2,1
2026-08-14 15:21:44,0,19,toothbrush,0.629,177,128,84,251,11.2,1
2026-08-14 15:21:44,0,1,person,0.599,8,23,627,457,11.2,0
2026-08-14 15:21:44,0,18,toothbrush,0.579,268,166,89,282,11.2,0
2026-08-14 15:21:44,0,19,toothbrush,0.629,177,128,84,251,11.2,0
2026-08-14 15:21:44,0,1,person,0.599,8,23,627,457,11.2,0
2026-08-14 15:21:44,0,18,toothbrush,0.579,268,166,89,282,11.2,0
2026-08-14 15:21:44,0,19,toothbrush,0.629,177,128,84,251,11.2,0
2026-08-14 15:21:44,0,1,person,0.599,8,23,627,457,11.2,0
2026-08-14 15:21:44,0,18,toothbrush,0.579,268,166,89,282,11.2,0
2026-08-14 15:21:44,0,19,toothbrush,0.629,177,128,84,251,11.2,0
2026-08-14 15:21:44,0,1,person,0.593,3,24,637,456,11.2,1
2026-08-14 15:21:44,0,18,toothbrush,0.579,268,166,89,282,11.2,1
2026-08-14 15:21:44,0,19,toothbrush,0.629,177,128,84,251,11.2,1
2026-08-14 15:21:44,0,1,person,0.593,3,24,637,456,11.2,1
2026-08-14 15:21:44,0,19,toothbrush,0.629,177,128,84,251,11.2,1
2026-08-14 15:21:44,0,20,toothbrush,0.761,0,0,113,433,11.2,1
2026-08-14 15:21:44,0,1,person,0.593,3,24,637,456,11.2,0
2026-08-14 15:21:44,0,19,toothbrush,0.629,177,128,84,251,11.2,0
2026-08-14 15:21:44,0,20,toothbrush,0.761,0,0,113,433,11.2,0
2026-08-14 15:21:45,0,1,person,0.593,3,24,637,456,11.2,0
2026-08-14 15:21:45,0,19,toothbrush,0.629,177,128,84,251,11.2,0
2026-08-14 15:21:45,0,20,toothbrush,0.761,0,0,113,433,11.2,0
2026-08-14 15:21:45,0,1,person,0.563,6,22,631,458,11.2,1
2026-08-14 15:21:45,0,19,toothbrush,0.629,177,128,84,251,11.2,1
2026-08-14 15:21:45,0,20,toothbrush,0.761,0,0,113,433,11.2,1
2026-08-14 15:21:45,0,1,person,0.563,6,22,631,458,11.1,0
2026-08-14 15:21:45,0,19,toothbrush,0.629,177,128,84,251,11.1,0
2026-08-14 15:21:45,0,20,toothbrush,0.761,0,0,113,433,11.1,0
2026-08-14 15:21:45,0,1,person,0.613,0,0,573,478,11.2,2
2026-08-14 15:21:45,0,20,toothbrush,0.761,0,0,113,433,11.2,2
2026-08-14 15:21:45,0,21,toothbrush,0.699,323,180,105,296,11.2,2
2026-08-14 15:21:45,0,1,person,0.618,0,0,367,477,11.2,2
2026-08-14 15:21:45,0,20,toothbrush,0.761,0,0,113,433,11.2,2
2026-08-14 15:21:45,0,21,toothbrush,0.764,361,45,97,434,11.2,2
2026-08-14 15:21:45,0,1,person,0.618,0,0,367,477,11.1,0
2026-08-14 15:21:45,0,20,toothbrush,0.761,0,0,113,433,11.1,0
2026-08-14 15:21:45,0,21,toothbrush,0.764,361,45,97,434,11.1,0
2026-08-14 15:21:45,0,1,person,0.618,0,0,367,477,11.1,1
2026-08-14 15:21:45,0,20,toothbrush,0.761,0,0,113,433,11.1,1
2026-08-14 15:21:45,0,21,toothbrush,0.764,361,45,97,434,11.1,1
2026-08-14 15:21:45,0,22,toothbrush,0.529,306,9,92,458,11.1,1
2026-08-14 15:21:45,0,1,person,0.618,0,0,367,477,11.1,2
2026-08-14 15:21:45,0,20,toothbrush,0.761,0,0,113,433,11.1,2
2026-08-14 15:21:45,0,21,toothbrush,0.764,361,45,97,434,11.1,2
2026-08-14 15:21:45,0,22,toothbrush,0.839,273,9,89,427,11.1,2
2026-08-14 15:21:45,0,23,toothbrush,0.607,272,195,89,241,11.1,2
2026-08-14 15:21:45,0,1,person,0.527,38,21,601,459,11.0,1
2026-08-14 15:21:45,0,21,toothbrush,0.764,361,45,97,434,11.0,1
2026-08-14 15:21:45,0,22,toothbrush,0.839,273,9,89,427,11.0,1
2026-08-14 15:21:45,0,23,toothbrush,0.607,272,195,89,241,11.0,1
2026-08-14 15:21:45,0,1,person,0.527,38,21,601,459,11.0,1
2026-08-14 15:21:45,0,21,toothbrush,0.764,361,45,97,434,11.0,1
2026-08-14 15:21:45,0,22,toothbrush,0.839,273,9,89,427,11.0,1
2026-08-14 15:21:45,0,23,toothbrush,0.607,272,195,89,241,11.0,1
2026-08-14 15:21:45,0,24,toothbrush,0.677,200,0,88,435,11.0,1
2026-08-14 15:21:45,0,1,person,0.527,38,21,601,459,11.0,1
2026-08-14 15:21:45,0,21,toothbrush,0.764,361,45,97,434,11.0,1
2026-08-14 15:21:45,0,22,toothbrush,0.839,273,9,89,427,11.0,1
2026-08-14 15:21:45,0,23,toothbrush,0.607,272,195,89,241,11.0,1
2026-08-14 15:21:45,0,24,toothbrush,0.736,203,13,71,420,11.0,1
2026-08-14 15:21:46,0,1,person,0.527,38,21,601,459,11.0,0
2026-08-14 15:21:46,0,21,toothbrush,0.764,361,45,97,434,11.0,0
2026-08-14 15:21:46,0,22,toothbrush,0.839,273,9,89,427,11.0,0
2026-08-14 15:21:46,0,23,toothbrush,0.607,272,195,89,241,11.0,0
2026-08-14 15:21:46,0,24,toothbrush,0.736,203,13,71,420,11.0,0
2026-08-14 15:21:46,0,1,person,0.527,38,21,601,459,11.0,0
2026-08-14 15:21:46,0,21,toothbrush,0.764,361,45,97,434,11.0,0
2026-08-14 15:21:46,0,22,toothbrush,0.839,273,9,89,427,11.0,0
2026-08-14 15:21:46,0,23,toothbrush,0.607,272,195,89,241,11.0,0
2026-08-14 15:21:46,0,24,toothbrush,0.736,203,13,71,420,11.0,0
2026-08-14 15:21:46,0,1,person,0.527,38,21,601,459,11.0,0
2026-08-14 15:21:46,0,21,toothbrush,0.764,361,45,97,434,11.0,0
2026-08-14 15:21:46,0,22,toothbrush,0.839,273,9,89,427,11.0,0
2026-08-14 15:21:46,0,23,toothbrush,0.607,272,195,89,241,11.0,0
2026-08-14 15:21:46,0,24,toothbrush,0.736,203,13,71,420,11.0,0
2026-08-14 15:21:46,0,1,person,0.527,38,21,601,459,11.0,1
2026-08-14 15:21:46,0,22,toothbrush,0.839,273,9,89,427,11.0,1
2026-08-14 15:21:46,0,23,toothbrush,0.607,272,195,89,241,11.0,1
2026-08-14 15:21:46,0,24,toothbrush,0.736,203,13,71,420,11.0,1
2026-08-14 15:21:46,0,25,toothbrush,0.667,68,0,103,390,11.0,1
2026-08-14 15:21:46,0,1,person,0.712,101,25,530,455,11.0,1
2026-08-14 15:21:46,0,22,toothbrush,0.839,273,9,89,427,11.0,1
2026-08-14 15:21:46,0,23,toothbrush,0.607,272,195,89,241,11.0,1
2026-08-14 15:21:46,0,24,toothbrush,0.736,203,13,71,420,11.0,1
2026-08-14 15:21:46,0,25,toothbrush,0.667,68,0,103,390,11.0,1
2026-08-14 15:21:46,0,1,person,0.712,101,25,530,455,11.0,1
2026-08-14 15:21:46,0,22,toothbrush,0.839,273,9,89,427,11.0,1
2026-08-14 15:21:46,0,23,toothbrush,0.607,272,195,89,241,11.0,1
2026-08-14 15:21:46,0,24,toothbrush,0.736,203,13,71,420,11.0,1
2026-08-14 15:21:46,0,25,toothbrush,0.667,68,0,103,390,11.0,1
2026-08-14 15:21:46,0,26,toothbrush,0.559,0,5,100,446,11.0,1
2026-08-14 15:21:46,0,1,person,0.712,101,25,530,455,10.9,0
2026-08-14 15:21:46,0,24,toothbrush,0.736,203,13,71,420,10.9,0
2026-08-14 15:21:46,0,25,toothbrush,0.667,68,0,103,390,10.9,0
2026-08-14 15:21:46,0,26,toothbrush,0.559,0,5,100,446,10.9,0
2026-08-14 15:21:46,0,1,person,0.712,101,25,530,455,10.9,0
2026-08-14 15:21:46,0,24,toothbrush,0.736,203,13,71,420,10.9,0
2026-08-14 15:21:46,0,25,toothbrush,0.667,68,0,103,390,10.9,0
2026-08-14 15:21:46,0,26,toothbrush,0.559,0,5,100,446,10.9,0
2026-08-14 15:21:46,0,1,person,0.712,101,25,530,455,10.9,0
2026-08-14 15:21:46,0,24,toothbrush,0.736,203,13,71,420,10.9,0
2026-08-14 15:21:46,0,25,toothbrush,0.667,68,0,103,390,10.9,0
2026-08-14 15:21:46,0,26,toothbrush,0.559,0,5,100,446,10.9,0
2026-08-14 15:21:46,0,1,person,0.712,101,25,530,455,10.9,0
2026-08-14 15:21:46,0,25,toothbrush,0.667,68,0,103,390,10.9,0
2026-08-14 15:21:46,0,26,toothbrush,0.559,0,5,100,446,10.9,0
2026-08-14 15:21:46,0,1,person,0.661,11,0,629,480,10.9,1
2026-08-14 15:21:46,0,25,toothbrush,0.667,68,0,103,390,10.9,1
2026-08-14 15:21:46,0,26,toothbrush,0.559,0,5,100,446,10.9,1
2026-08-14 15:21:47,0,1,person,0.661,11,0,629,480,10.9,0
2026-08-14 15:21:47,0,25,toothbrush,0.667,68,0,103,390,10.9,0
2026-08-14 15:21:47,0,26,toothbrush,0.559,0,5,100,446,10.9,0
2026-08-14 15:21:47,0,1,person,0.836,0,0,640,480,10.9,1
2026-08-14 15:21:47,0,25,toothbrush,0.667,68,0,103,390,10.9,1
2026-08-14 15:21:47,0,26,toothbrush,0.559,0,5,100,446,10.9,1
2026-08-14 15:21:47,0,1,person,0.814,1,0,597,479,10.8,2
2026-08-14 15:21:47,0,26,toothbrush,0.559,0,5,100,446,10.8,2
2026-08-14 15:21:47,0,27,toothbrush,0.565,358,2,79,363,10.8,2
2026-08-14 15:21:47,0,1,person,0.742,1,0,636,480,10.8,1
2026-08-14 15:21:47,0,26,toothbrush,0.559,0,5,100,446,10.8,1
2026-08-14 15:21:47,0,27,toothbrush,0.565,358,2,79,363,10.8,1
2026-08-14 15:21:47,0,1,person,0.765,2,0,624,480,10.8,1
2026-08-14 15:21:47,0,27,toothbrush,0.565,358,2,79,363,10.8,1
2026-08-14 15:21:47,0,1,person,0.800,16,0,624,480,10.8,1
2026-08-14 15:21:47,0,27,toothbrush,0.565,358,2,79,363,10.8,1
2026-08-14 15:21:47,0,1,person,0.837,2,0,626,480,10.9,1
2026-08-14 15:21:47,0,27,toothbrush,0.565,358,2,79,363,10.9,1
2026-08-14 15:21:47,0,1,person,0.786,2,0,605,479,10.9,2
2026-08-14 15:21:47,0,27,toothbrush,0.697,357,0,77,336,10.9,2
2026-08-14 15:21:47,0,1,person,0.847,11,0,629,480,10.9,3
2026-08-14 15:21:47,0,27,toothbrush,0.720,341,0,112,337,10.9,3
2026-08-14 15:21:47,0,28,person,0.696,30,0,608,480,10.9,3
2026-08-14 15:21:47,0,1,person,0.664,7,0,622,480,10.9,2
2026-08-14 15:21:47,0,27,toothbrush,0.751,354,0,98,337,10.9,2
2026-08-14 15:21:47,0,28,person,0.696,30,0,608,480,10.9,2
2026-08-14 15:21:47,0,1,person,0.845,11,0,627,480,10.9,2
2026-08-14 15:21:47,0,27,toothbrush,0.669,357,0,94,336,10.9,2
2026-08-14 15:21:47,0,28,person,0.696,30,0,608,480,10.9,2
2026-08-14 15:21:48,0,1,person,0.837,14,0,616,480,10.8,1
2026-08-14 15:21:48,0,27,toothbrush,0.669,357,0,94,336,10.8,1
2026-08-14 15:21:48,0,28,person,0.696,30,0,608,480,10.8,1
2026-08-14 15:21:48,0,1,person,0.742,9,0,617,480,10.8,2
2026-08-14 15:21:48,0,27,toothbrush,0.669,357,0,94,336,10.8,2
2026-08-14 15:21:48,0,28,person,0.696,30,0,608,480,10.8,2
2026-08-14 15:21:48,0,29,toothbrush,0.790,424,1,153,395,10.8,2
2026-08-14 15:21:48,0,1,person,0.638,47,1,532,479,10.8,1
2026-08-14 15:21:48,0,27,toothbrush,0.669,357,0,94,336,10.8,1
2026-08-14 15:21:48,0,28,person,0.696,30,0,608,480,10.8,1
2026-08-14 15:21:48,0,29,toothbrush,0.790,424,1,153,395,10.8,1
2026-08-14 15:21:48,0,1,person,0.863,43,0,555,480,10.8,1
2026-08-14 15:21:48,0,27,toothbrush,0.669,357,0,94,336,10.8,1
2026-08-14 15:21:48,0,28,person,0.696,30,0,608,480,10.8,1
2026-08-14 15:21:48,0,29,toothbrush,0.790,424,1,153,395,10.8,1
2026-08-14 15:21:48,0,1,person,0.774,67,0,552,480,10.8,1
2026-08-14 15:21:48,0,27,toothbrush,0.669,357,0,94,336,10.8,1
2026-08-14 15:21:48,0,28,person,0.696,30,0,608,480,10.8,1
2026-08-14 15:21:48,0,29,toothbrush,0.790,424,1,153,395,10.8,1
2026-08-14 15:21:48,0,1,person,0.844,87,0,472,480,10.8,1
2026-08-14 15:21:48,0,27,toothbrush,0.669,357,0,94,336,10.8,1
2026-08-14 15:21:48,0,28,person,0.696,30,0,608,480,10.8,1
2026-08-14 15:21:48,0,29,toothbrush,0.790,424,1,153,395,10.8,1
2026-08-14 15:21:48,0,1,person,0.799,86,0,498,480,10.8,1
2026-08-14 15:21:48,0,27,toothbrush,0.669,357,0,94,336,10.8,1
2026-08-14 15:21:48,0,28,person,0.696,30,0,608,480,10.8,1
2026-08-14 15:21:48,0,29,toothbrush,0.790,424,1,153,395,10.8,1
2026-08-14 15:21:48,0,1,person,0.823,115,0,483,480,10.7,1
2026-08-14 15:21:48,0,27,toothbrush,0.669,357,0,94,336,10.7,1
2026-08-14 15:21:48,0,29,toothbrush,0.790,424,1,153,395,10.7,1
2026-08-14 15:21:48,0,1,person,0.803,115,0,471,480,10.7,1
2026-08-14 15:21:48,0,27,toothbrush,0.669,357,0,94,336,10.7,1
2026-08-14 15:21:48,0,29,toothbrush,0.790,424,1,153,395,10.7,1
2026-08-14 15:21:48,0,1,person,0.765,114,0,487,480,10.7,1
2026-08-14 15:21:48,0,29,toothbrush,0.790,424,1,153,395,10.7,1
2026-08-14 15:21:49,0,1,person,0.779,114,0,481,480,10.7,2
2026-08-14 15:21:49,0,29,toothbrush,0.501,503,2,136,375,10.7,2
2026-08-14 15:21:49,0,1,person,0.846,108,0,466,480,10.8,1
2026-08-14 15:21:49,0,29,toothbrush,0.501,503,2,136,375,10.8,1
2026-08-14 15:21:49,0,1,person,0.847,93,0,492,480,10.8,1
2026-08-14 15:21:49,0,29,toothbrush,0.501,503,2,136,375,10.8,1
2026-08-14 15:21:49,0,1,person,0.778,74,0,484,480,10.9,1
2026-08-14 15:21:49,0,29,toothbrush,0.501,503,2,136,375,10.9,1
2026-08-14 15:21:49,0,1,person,0.747,40,0,562,480,10.9,1
2026-08-14 15:21:49,0,29,toothbrush,0.501,503,2,136,375,10.9,1
2026-08-14 15:21:49,0,1,person,0.690,38,0,424,480,10.9,1
2026-08-14 15:21:49,0,29,toothbrush,0.501,503,2,136,375,10.9,1
2026-08-14 15:21:49,0,1,person,0.641,26,0,527,480,11.0,1
2026-08-14 15:21:49,0,29,toothbrush,0.501,503,2,136,375,11.0,1
2026-08-14 15:21:49,0,1,person,0.645,9,0,631,480,11.0,2
2026-08-14 15:21:49,0,29,toothbrush,0.501,503,2,136,375,11.0,2
2026-08-14 15:21:49,0,30,toothbrush,0.646,283,4,166,373,11.0,2
2026-08-14 15:21:49,0,1,person,0.665,1,0,639,474,10.9,1
2026-08-14 15:21:49,0,29,toothbrush,0.501,503,2,136,375,10.9,1
2026-08-14 15:21:49,0,30,toothbrush,0.646,283,4,166,373,10.9,1
2026-08-14 15:21:49,0,1,person,0.755,8,0,631,480,11.0,2
2026-08-14 15:21:49,0,29,toothbrush,0.501,503,2,136,375,11.0,2
2026-08-14 15:21:49,0,30,toothbrush,0.646,283,4,166,373,11.0,2
2026-08-14 15:21:49,0,31,person,0.619,4,7,633,473,11.0,2
2026-08-14 15:21:49,0,1,person,0.933,0,0,640,480,11.0,1
2026-08-14 15:21:49,0,30,toothbrush,0.646,283,4,166,373,11.0,1
2026-08-14 15:21:49,0,31,person,0.619,4,7,633,473,11.0,1
2026-08-14 15:21:49,0,1,person,0.524,0,0,632,479,11.0,1
2026-08-14 15:21:49,0,30,toothbrush,0.646,283,4,166,373,11.0,1
2026-08-14 15:21:49,0,31,person,0.619,4,7,633,473,11.0,1
2026-08-14 15:21:50,0,1,person,0.600,1,0,639,478,10.9,2
2026-08-14 15:21:50,0,30,toothbrush,0.646,283,4,166,373,10.9,2
2026-08-14 15:21:50,0,31,person,0.713,11,0,629,480,10.9,2
2026-08-14 15:21:50,0,1,person,0.756,13,1,627,479,10.9,2
2026-08-14 15:21:50,0,30,toothbrush,0.646,283,4,166,373,10.9,2
2026-08-14 15:21:50,0,31,person,0.530,67,6,561,472,10.9,2
2026-08-14 15:21:50,0,1,person,0.913,28,0,612,480,10.9,2
2026-08-14 15:21:50,0,30,toothbrush,0.783,241,1,116,372,10.9,2
2026-08-14 15:21:50,0,31,person,0.530,67,6,561,472,10.9,2
2026-08-14 15:21:50,0,1,person,0.918,13,0,627,480,10.9,1
2026-08-14 15:21:50,0,30,toothbrush,0.783,241,1,116,372,10.9,1
2026-08-14 15:21:50,0,31,person,0.530,67,6,561,472,10.9,1
2026-08-14 15:21:50,0,1,person,0.502,18,0,621,480,10.9,4
2026-08-14 15:21:50,0,30,toothbrush,0.783,241,1,116,372,10.9,4
2026-08-14 15:21:50,0,31,person,0.695,0,1,555,473,10.9,4
2026-08-14 15:21:50,0,32,toothbrush,0.865,299,6,153,468,10.9,4
2026-08-14 15:21:50,0,33,toothbrush,0.558,307,30,146,446,10.9,4
2026-08-14 15:21:50,0,1,person,0.699,2,2,554,478,10.8,1
2026-08-14 15:21:50,0,30,toothbrush,0.783,241,1,116,372,10.8,1
2026-08-14 15:21:50,0,31,person,0.695,0,1,555,473,10.8,1
2026-08-14 15:21:50,0,32,toothbrush,0.865,299,6,153,468,10.8,1
2026-08-14 15:21:50,0,33,toothbrush,0.558,307,30,146,446,10.8,1
2026-08-14 15:21:50,0,1,person,0.786,0,0,631,480,10.8,1
2026-08-14 15:21:50,0,30,toothbrush,0.783,241,1,116,372,10.8,1
2026-08-14 15:21:50,0,31,person,0.695,0,1,555,473,10.8,1
2026-08-14 15:21:50,0,32,toothbrush,0.865,299,6,153,468,10.8,1
2026-08-14 15:21:50,0,33,toothbrush,0.558,307,30,146,446,10.8,1
2026-08-14 15:21:50,0,1,person,0.905,0,0,632,480,10.9,1
2026-08-14 15:21:50,0,30,toothbrush,0.783,241,1,116,372,10.9,1
2026-08-14 15:21:50,0,31,person,0.695,0,1,555,473,10.9,1
2026-08-14 15:21:50,0,32,toothbrush,0.865,299,6,153,468,10.9,1
2026-08-14 15:21:50,0,33,toothbrush,0.558,307,30,146,446,10.9,1
2026-08-14 15:21:50,0,1,person,0.560,12,12,471,468,10.8,1
2026-08-14 15:21:50,0,30,toothbrush,0.783,241,1,116,372,10.8,1
2026-08-14 15:21:50,0,31,person,0.695,0,1,555,473,10.8,1
2026-08-14 15:21:50,0,32,toothbrush,0.865,299,6,153,468,10.8,1
2026-08-14 15:21:50,0,33,toothbrush,0.558,307,30,146,446,10.8,1
2026-08-14 15:21:50,0,1,person,0.680,2,22,473,458,10.8,1
2026-08-14 15:21:50,0,30,toothbrush,0.783,241,1,116,372,10.8,1
2026-08-14 15:21:50,0,31,person,0.695,0,1,555,473,10.8,1
2026-08-14 15:21:50,0,32,toothbrush,0.865,299,6,153,468,10.8,1
2026-08-14 15:21:50,0,33,toothbrush,0.558,307,30,146,446,10.8,1
2026-08-14 15:21:51,0,1,person,0.610,192,18,409,462,10.8,1
2026-08-14 15:21:51,0,30,toothbrush,0.783,241,1,116,372,10.8,1
2026-08-14 15:21:51,0,31,person,0.695,0,1,555,473,10.8,1
2026-08-14 15:21:51,0,32,toothbrush,0.865,299,6,153,468,10.8,1
2026-08-14 15:21:51,0,33,toothbrush,0.558,307,30,146,446,10.8,1
2026-08-14 15:21:51,0,1,person,0.905,0,17,639,463,10.8,1
2026-08-14 15:21:51,0,30,toothbrush,0.783,241,1,116,372,10.8,1
2026-08-14 15:21:51,0,31,person,0.695,0,1,555,473,10.8,1
2026-08-14 15:21:51,0,32,toothbrush,0.865,299,6,153,468,10.8,1
2026-08-14 15:21:51,0,33,toothbrush,0.558,307,30,146,446,10.8,1
2026-08-14 15:21:51,0,1,person,0.922,0,16,640,464,10.8,1
2026-08-14 15:21:51,0,31,person,0.695,0,1,555,473,10.8,1
2026-08-14 15:21:51,0,32,toothbrush,0.865,299,6,153,468,10.8,1
2026-08-14 15:21:51,0,33,toothbrush,0.558,307,30,146,446,10.8,1
2026-08-14 15:21:51,0,1,person,0.935,0,18,640,462,10.8,1
2026-08-14 15:21:51,0,31,person,0.695,0,1,555,473,10.8,1
2026-08-14 15:21:51,0,32,toothbrush,0.865,299,6,153,468,10.8,1
2026-08-14 15:21:51,0,33,toothbrush,0.558,307,30,146,446,10.8,1
2026-08-14 15:21:51,0,1,person,0.933,0,18,640,462,10.8,1
2026-08-14 15:21:51,0,1,person,0.942,0,16,640,464,10.9,1
2026-08-14 15:21:51,0,1,person,0.938,0,14,640,466,10.9,1
2026-08-14 15:21:51,0,1,person,0.946,0,14,640,466,10.9,1
2026-08-14 15:21:51,0,1,person,0.933,0,11,640,469,10.9,1
2026-08-14 15:21:51,0,1,person,0.936,0,6,640,474,10.9,1
2026-08-14 15:21:51,0,1,person,0.938,0,5,640,475,10.9,1
2026-08-14 15:21:52,0,1,person,0.949,0,5,640,475,10.9,1
2026-08-14 15:21:52,0,1,person,0.950,0,4,640,476,10.9,1
2026-08-14 15:21:52,0,1,person,0.908,0,4,640,476,10.9,1
2026-08-14 15:21:52,0,1,person,0.952,0,4,640,476,10.9,1
2026-08-14 15:21:52,0,1,person,0.900,0,7,640,473,10.9,1
2026-08-14 15:21:52,0,1,person,0.903,0,7,637,473,10.9,1
2026-08-14 15:21:52,0,1,person,0.915,0,8,639,472,10.9,1
2026-08-14 15:21:52,0,1,person,0.925,0,12,639,468,11.0,1
2026-08-14 15:21:52,0,1,person,0.938,0,12,640,468,11.0,1
2026-08-14 15:21:52,0,1,person,0.942,2,12,638,468,11.1,1
2026-08-14 15:21:52,0,1,person,0.921,5,14,635,466,11.0,1
2026-08-14 15:21:52,0,1,person,0.935,2,16,638,464,11.1,1
2026-08-14 15:21:53,0,1,person,0.937,0,16,640,464,11.1,1
2026-08-14 15:21:53,0,1,person,0.947,0,18,640,462,11.1,1
2026-08-14 15:21:53,0,1,person,0.950,0,18,640,462,11.1,1
2026-08-14 15:21:53,0,1,person,0.949,0,19,640,461,11.1,1
2026-08-14 15:21:53,0,1,person,0.942,0,20,640,460,11.1,1
2026-08-14 15:21:53,0,1,person,0.948,0,20,640,460,11.2,1
2026-08-14 15:21:53,0,1,person,0.944,0,21,640,459,11.2,1
2026-08-14 15:21:53,0,1,person,0.946,0,20,640,460,11.2,1
2026-08-14 15:21:53,0,1,person,0.940,0,20,640,460,11.3,1
2026-08-14 15:21:53,0,1,person,0.945,0,20,640,460,11.3,1
2026-08-14 15:21:53,0,1,person,0.938,1,20,639,460,11.4,1
2026-08-14 15:21:54,0,1,person,0.947,0,21,640,459,11.5,1
2026-08-14 15:21:54,0,1,person,0.946,0,22,640,458,11.4,1
2026-08-14 15:21:54,0,1,person,0.946,0,22,640,458,11.5,2
2026-08-14 15:21:54,0,34,cell phone,0.547,0,79,107,166,11.5,2
2026-08-14 15:21:54,0,1,person,0.946,0,22,640,458,11.5,2
2026-08-14 15:21:54,0,34,cell phone,0.514,0,71,99,175,11.5,2
2026-08-14 15:21:54,0,1,person,0.946,0,21,640,459,11.5,1
2026-08-14 15:21:54,0,34,cell phone,0.514,0,71,99,175,11.5,1
2026-08-14 15:21:54,0,1,person,0.944,0,21,640,459,11.5,1
2026-08-14 15:21:54,0,34,cell phone,0.514,0,71,99,175,11.5,1
2026-08-14 15:21:54,0,1,person,0.946,0,20,640,460,11.4,1
2026-08-14 15:21:54,0,34,cell phone,0.514,0,71,99,175,11.4,1
2026-08-14 15:21:54,0,1,person,0.946,0,22,640,458,11.4,2
2026-08-14 15:21:54,0,34,cell phone,0.697,0,84,97,177,11.4,2
2026-08-14 15:21:54,0,1,person,0.945,0,21,640,459,11.4,2
2026-08-14 15:21:54,0,34,cell phone,0.750,0,85,97,178,11.4,2
2026-08-14 15:21:54,0,1,person,0.943,0,20,640,460,11.4,2
2026-08-14 15:21:54,0,34,cell phone,0.588,0,90,103,175,11.4,2
2026-08-14 15:21:54,0,1,person,0.944,1,21,639,459,11.4,2
2026-08-14 15:21:54,0,34,cell phone,0.674,0,91,101,177,11.4,2
2026-08-14 15:21:55,0,1,person,0.945,0,22,640,458,11.3,2
2026-08-14 15:21:55,0,34,cell phone,0.756,0,89,100,178,11.3,2
2026-08-14 15:21:55,0,1,person,0.947,0,20,640,460,11.3,2
2026-08-14 15:21:55,0,34,cell phone,0.587,0,88,101,178,11.3,2
2026-08-14 15:21:55,0,1,person,0.945,0,20,640,460,11.3,2
2026-08-14 15:21:55,0,34,cell phone,0.668,0,88,100,178,11.3,2
2026-08-14 15:21:55,0,1,person,0.945,0,20,640,460,11.3,2
2026-08-14 15:21:55,0,34,cell phone,0.634,0,88,101,178,11.3,2
2026-08-14 15:21:55,0,1,person,0.939,0,21,640,459,11.3,1
2026-08-14 15:21:55,0,34,cell phone,0.634,0,88,101,178,11.3,1
2026-08-14 15:21:55,0,1,person,0.946,2,21,638,459,11.3,1
2026-08-14 15:21:55,0,34,cell phone,0.634,0,88,101,178,11.3,1
2026-08-14 15:21:55,0,1,person,0.947,1,20,639,460,11.3,1
2026-08-14 15:21:55,0,34,cell phone,0.634,0,88,101,178,11.3,1
2026-08-14 15:21:55,0,1,person,0.949,0,20,640,460,11.3,1
2026-08-14 15:21:55,0,34,cell phone,0.634,0,88,101,178,11.3,1
2026-08-14 15:21:55,0,1,person,0.951,0,19,640,461,11.3,1
2026-08-14 15:21:55,0,34,cell phone,0.634,0,88,101,178,11.3,1
2026-08-14 15:21:55,0,1,person,0.950,0,17,640,463,11.3,1
2026-08-14 15:21:55,0,34,cell phone,0.634,0,88,101,178,11.3,1
2026-08-14 15:21:55,0,1,person,0.949,0,17,640,463,11.3,1
2026-08-14 15:21:55,0,34,cell phone,0.634,0,88,101,178,11.3,1
2026-08-14 15:21:56,0,1,person,0.952,0,16,640,464,11.3,1
2026-08-14 15:21:56,0,34,cell phone,0.634,0,88,101,178,11.3,1
2026-08-14 15:21:56,0,1,person,0.947,1,15,639,465,11.3,1
2026-08-14 15:21:56,0,34,cell phone,0.634,0,88,101,178,11.3,1
2026-08-14 15:21:56,0,1,person,0.949,0,16,640,464,11.2,1
2026-08-14 15:21:56,0,1,person,0.950,0,14,640,466,11.3,1
2026-08-14 15:21:56,0,1,person,0.950,0,15,640,465,11.3,1
2026-08-14 15:21:56,0,1,person,0.950,0,14,640,466,11.2,1
2026-08-14 15:21:56,0,1,person,0.949,0,14,640,466,11.2,1
2026-08-14 15:21:56,0,1,person,0.950,0,13,640,467,11.2,1
2026-08-14 15:21:56,0,1,person,0.949,0,14,640,466,11.2,1
2026-08-14 15:21:56,0,1,person,0.951,0,14,640,466,11.2,1
2026-08-14 15:21:56,0,1,person,0.954,0,12,640,468,11.1,1
2026-08-14 15:21:56,0,1,person,0.951,0,11,640,469,11.1,1
2026-08-14 15:21:57,0,1,person,0.955,0,12,640,468,11.2,1
2026-08-14 15:21:57,0,1,person,0.909,0,14,625,466,11.2,1
2026-08-14 15:21:57,0,1,person,0.953,0,11,640,469,11.2,1
2026-08-14 15:21:57,0,1,person,0.954,0,11,640,469,11.2,1
2026-08-14 15:21:57,0,1,person,0.954,0,9,640,471,11.2,1
2026-08-14 15:21:57,0,1,person,0.953,0,10,640,470,11.2,1
2026-08-14 15:21:57,0,1,person,0.950,0,9,640,471,11.2,1
2026-08-14 15:21:57,0,1,person,0.953,0,9,640,471,11.3,1
2026-08-14 15:21:57,0,1,person,0.945,0,6,640,474,11.3,1
2026-08-14 15:21:57,0,1,person,0.945,0,9,640,471,11.3,1
2026-08-14 15:21:57,0,1,person,0.951,0,7,640,473,11.3,1
